<?xml version="1.0"?>
<?xml-stylesheet type="text/xsl"href="seeXMLQuestions.xsl"?>
<assessmentItems>
<assessmentItem Zailtasuna="1" Gaia="irati"><itemBody><Galdera>Zenbat urte ditu iratik?</Galdera></itemBody><correctResponse><Erantzuna>gutxi</Erantzuna></correctResponse></assessmentItem><assessmentItem Zailtasuna="1" Gaia="irati"><itemBody><Galdera>Zenbat urte ditu iratik?</Galdera></itemBody><correctResponse><Erantzuna>gutxi</Erantzuna></correctResponse></assessmentItem><assessmentItem Zailtasuna="1" Gaia="irati"><itemBody><Galdera>Zenbat urte ditu iratik?</Galdera></itemBody><correctResponse><Erantzuna>gutxi</Erantzuna></correctResponse></assessmentItem><assessmentItem Zailtasuna="1" Gaia="uxue"><itemBody><Galdera>Zenbat urte ditu uxuek?</Galdera></itemBody><correctResponse><Erantzuna>erdizka</Erantzuna></correctResponse></assessmentItem></assessmentItems>
