<?xml version="1.0"?>
<?xml-stylesheet type="text/xsl"href="seeXMLQuestions.xsl"?>
<assessmentItems>
<assessmentItem Zailtasuna="1" Gaia="zxczxczx"><itemBody><Galdera>zxczxczxczxzxczxczx</Galdera></itemBody><correctResponse><Erantzuna>zxczxc</Erantzuna></correctResponse></assessmentItem><assessmentItem Zailtasuna="2" Gaia="asdasdsad"><itemBody><Galdera>asdasdasdsasa</Galdera></itemBody><correctResponse><Erantzuna>asdsadsad</Erantzuna></correctResponse></assessmentItem><assessmentItem Zailtasuna="2" Gaia="asdasdsad"><itemBody><Galdera>asdasdasdsasa</Galdera></itemBody><correctResponse><Erantzuna>asdsadsad</Erantzuna></correctResponse></assessmentItem><assessmentItem Zailtasuna="1" Gaia=""><itemBody><Galdera/></itemBody><correctResponse><Erantzuna/></correctResponse></assessmentItem><assessmentItem Zailtasuna="2" Gaia="sfddfss"><itemBody><Galdera>fsdsfdfds</Galdera></itemBody><correctResponse><Erantzuna>sdfdfsfd</Erantzuna></correctResponse></assessmentItem><assessmentItem Zailtasuna="1" Gaia=""><itemBody><Galdera/></itemBody><correctResponse><Erantzuna/></correctResponse></assessmentItem><assessmentItem Zailtasuna="2" Gaia="hajhvjhava"><itemBody><Galdera>kjsnkjnskjns</Galdera></itemBody><correctResponse><Erantzuna>abhsbjhsbjs</Erantzuna></correctResponse></assessmentItem><assessmentItem Zailtasuna="1" Gaia="werweewr"><itemBody><Galdera>earerwerwe</Galdera></itemBody><correctResponse><Erantzuna>werwererw</Erantzuna></correctResponse></assessmentItem></assessmentItems>
