<?xml version="1.0"?>
<?xml-stylesheet type="text/xsl" href="seeXMLQuestions.xsl"?>
<assessmentItems>
<assessmentItem Zailtasuna="1" Gaia="WS"><itemBody><Galdera>Noiz izaten dira ws-ko laborategiak?</Galdera></itemBody><correctResponse><Erantzuna>Ostegunetan</Erantzuna></correctResponse></assessmentItem><assessmentItem Zailtasuna="1" Gaia="WS"><itemBody><Galdera>Noiz izaten dira ws-ko laborategiak?</Galdera></itemBody><correctResponse><Erantzuna>Ostegunetan</Erantzuna></correctResponse></assessmentItem><assessmentItem Zailtasuna="1" Gaia="WS"><itemBody><Galdera>Noiz izaten dira ws-ko laborategiak?</Galdera></itemBody><correctResponse><Erantzuna>Ostegunetan</Erantzuna></correctResponse></assessmentItem><assessmentItem Zailtasuna="1" Gaia="asdsd"><itemBody><Galdera>naosdasd</Galdera></itemBody><correctResponse><Erantzuna>asdsda</Erantzuna></correctResponse></assessmentItem><assessmentItem Zailtasuna="1" Gaia="Egunak"><itemBody><Galdera>Zein da asteazkenaren aurreko eguna?</Galdera></itemBody><correctResponse><Erantzuna>Asteartea</Erantzuna></correctResponse></assessmentItem><assessmentItem Zailtasuna="5" Gaia="Mikologia"><itemBody><Galdera>Onddoen txapela azpian laminak, eztenak ala himenioa dago?</Galdera></itemBody><correctResponse><Erantzuna>Himenioa</Erantzuna></correctResponse></assessmentItem><assessmentItem Zailtasuna="5" Gaia="Mikologia"><itemBody><Galdera>Amanita cesarea jangarria ala hilkorra da?</Galdera></itemBody><correctResponse><Erantzuna>Jangarria</Erantzuna></correctResponse></assessmentItem><assessmentItem Zailtasuna="5" Gaia="Mikologia"><itemBody><Galdera>Amanita phalloidesjangarria ala hilkorra da?</Galdera></itemBody><correctResponse><Erantzuna>Hilkorra</Erantzuna></correctResponse></assessmentItem><assessmentItem Zailtasuna="1" Gaia="Mikologia"><itemBody><Galdera>Boletus edulis-en perretxiku familia nola ezagutzen da euskeraz?</Galdera></itemBody><correctResponse><Erantzuna>Onddoak</Erantzuna></correctResponse></assessmentItem><assessmentItem Zailtasuna="3" Gaia="iiiiiiiiiii"><itemBody><Galdera>adbakjsdbkasjb</Galdera></itemBody><correctResponse><Erantzuna>oisjhasdk</Erantzuna></correctResponse></assessmentItem><assessmentItem Zailtasuna="1" Gaia="werwerwe"><itemBody><Galdera>werwerwer</Galdera></itemBody><correctResponse><Erantzuna>werwerwe</Erantzuna></correctResponse></assessmentItem><assessmentItem Zailtasuna="1" Gaia="sdfsdfsdf"><itemBody><Galdera>dfsdfsd</Galdera></itemBody><correctResponse><Erantzuna>sdfsdf</Erantzuna></correctResponse></assessmentItem><assessmentItem Zailtasuna="1" Gaia="asklndlakslaskn"><itemBody><Galdera>uxuealsjdnlasjdnls</Galdera></itemBody><correctResponse><Erantzuna>askndlaksn</Erantzuna></correctResponse></assessmentItem><assessmentItem Zailtasuna="1" Gaia="sdfsdffdsdfsds"><itemBody><Galdera>fdsdfsdfsdf</Galdera></itemBody><correctResponse><Erantzuna>sdfsdf</Erantzuna></correctResponse></assessmentItem><assessmentItem Zailtasuna="3" Gaia="BRUSELAS"><itemBody><Galdera>Zenba etxe daude bruselasen?</Galdera></itemBody><correctResponse><Erantzuna>ASKo</Erantzuna></correctResponse></assessmentItem><assessmentItem Zailtasuna="1" Gaia="aqsdklasnd"><itemBody><Galdera>kdnfslsdkn</Galdera></itemBody><correctResponse><Erantzuna>sldkfnsdl</Erantzuna></correctResponse></assessmentItem><assessmentItem Zailtasuna="1" Gaia="sdfsdsdfds"><itemBody><Galdera>sdfjnsdkjfns</Galdera></itemBody><correctResponse><Erantzuna>dfsdfsd</Erantzuna></correctResponse></assessmentItem><assessmentItem Zailtasuna="5" Gaia="Donostia"><itemBody><Galdera>Zenbat etxe daude Donostian?</Galdera></itemBody><correctResponse><Erantzuna>Asko</Erantzuna></correctResponse></assessmentItem><assessmentItem Zailtasuna="1" Gaia="Hondartza"><itemBody><Galdera>Non dago kontxa hondartza?</Galdera></itemBody><correctResponse><Erantzuna>Donostian</Erantzuna></correctResponse></assessmentItem><assessmentItem Zailtasuna="2" Gaia="asdasdasdas"><itemBody><Galdera>asdasdasdasd</Galdera></itemBody><correctResponse><Erantzuna>asdasd</Erantzuna></correctResponse></assessmentItem></assessmentItems>
