<?xml version="1.0"?>
<?xml-stylesheet type="text/xsl"href="seeXMLQuestions.php"?>
<assessmentItems>

<assessmentItem Zailtasuna="3" Gaia="dfs"><itemBody><Galdera>fdsdfsdsdsaf</Galdera></itemBody><correctResponse><Erantzuna>sdfdsfdfs</Erantzuna></correctResponse></assessmentItem><assessmentItem Zailtasuna="3" Gaia="asdasd"><itemBody><Galdera>adssdasd</Galdera></itemBody><correctResponse><Erantzuna>asdasdasd</Erantzuna></correctResponse></assessmentItem><assessmentItem Zailtasuna="3" Gaia="asdsaddsa"><itemBody><Galdera>ASdasdasdasd</Galdera></itemBody><correctResponse><Erantzuna>qweasdasd</Erantzuna></correctResponse></assessmentItem><assessmentItem Zailtasuna="2" Gaia="sdfsdfdsdfs"><itemBody><Galdera>dfsdsdfdsf</Galdera></itemBody><correctResponse><Erantzuna>sdfdsfdfs</Erantzuna></correctResponse></assessmentItem><assessmentItem Zailtasuna="2" Gaia="sdfsdfdsf"><itemBody><Galdera>adfsadfsdf</Galdera></itemBody><correctResponse><Erantzuna>asdfsadf</Erantzuna></correctResponse></assessmentItem><assessmentItem Zailtasuna="2" Gaia="Urtebetetzea"><itemBody><Galdera>Zenbat urte?</Galdera></itemBody><correctResponse><Erantzuna>12</Erantzuna></correctResponse></assessmentItem><assessmentItem Zailtasuna="2" Gaia="Urtebetetzea"><itemBody><Galdera>Zenbat urte?</Galdera></itemBody><correctResponse><Erantzuna>12</Erantzuna></correctResponse></assessmentItem><assessmentItem Zailtasuna="2" Gaia="dfgdfg"><itemBody><Galdera>fdgdfg</Galdera></itemBody><correctResponse><Erantzuna>dfgdfg</Erantzuna></correctResponse></assessmentItem></assessmentItems>
